Name,Institute
"Tony Cai", University of Pennsylvania
"Minghui Chen", University of Connecticut 
"Xiaohong Chen", Yale University 
"Jianqing Fan", Princeton University 
"Rui Feng",University of Pennsylvania
"Ofer Harel", University of Connecticut 
"Xuming He",University of Michigan
"Chao Huang",Florida State University 
"Dehan Kong",University of Toronto 
"Linglong Kong",University of Alberta 
"Zhaohai Li",George Washington University
"Zhenhua Lin",National University of Singapore
"Chuanhai Liu",Purdue University
"Yufeng Liu",University of North Carolina at Chapel Hill
"Shuangge Ma",Yale University 
"Bin Nan",University of California at Irvine
"Yue Niu",University of Arizona
"Annie Qu", University of California at Irvine
"Benjamin Risk", Emory University
"Hai Shu",New York University 
"Peter Song",University of Michigan
"Jiayang Sun",George Mason University 
"Huixia Wang",George Washington University
"Pei Wang",Fred Hutch and University of Washington 
"Xiao Wang", Purdue Univeristy
"Feifei Xiao",Univeristy of Florida
"Huan Xie",Texas Southern University
"Mingge Xie",Rutgers University 
"Wei Ying",Columbia University 
"Cunhui Zhang", Rutgers University
"Zhengwu Zhang",University of North Carolina at Chapel Hill 
"Bingxin Zhao",University of Pennsylvania 
"Harris Zhou", Yale University
"Ji Zhu",University of Michigan


